{"cameraMode":{"drawMode":0,"name":"Shaded","section":"Shading Mode"},"sceneLighting":true,"audioPlay":false,"sceneViewState":{"m_AlwaysRefresh":false,"showFog":true,"showSkybox":true,"showFlares":true,"showImageEffects":true,"showParticleSystems":true,"showVisualEffectGraphs":true,"m_FxEnabled":true},"in2DMode":false,"pivot":{"x":-15.669683456420899,"y":-67.78714752197266,"z":-5.140235900878906},"rotation":{"x":0.44769811630249026,"y":-0.025475839152932168,"z":0.01276727207005024,"w":0.8937179446220398},"size":73.67598724365235,"orthographic":false}