{"cameraMode":{"drawMode":0,"name":"Shaded","section":"Shading Mode"},"sceneLighting":false,"audioPlay":false,"sceneViewState":{"m_AlwaysRefresh":false,"showFog":true,"showSkybox":false,"showFlares":true,"showImageEffects":true,"showParticleSystems":true,"showVisualEffectGraphs":true,"m_FxEnabled":true},"in2DMode":false,"pivot":{"x":-7.978237152099609,"y":0.16100001335144044,"z":-8.812322616577149},"rotation":{"x":0.09894799441099167,"y":-0.9009221792221069,"z":0.30647462606430056,"w":0.2908729612827301},"size":3.0747106075286867,"orthographic":false}